[
  {
    "id": 1,
    "quote": "The platform's intuitive interface and powerful features have revolutionized our workflow. Customer support has been exceptional every step of the way.",
    "avatar": "/images/ns-avatar-1.png",
    "name": "Sarah Johnson",
    "position": "Marketing Director",
    "rating": "4.9"
  },
  {
    "id": 2,
    "quote": "As a small business owner, your service has been a lifesaver in managing cash flow and optimizing financial strategies. It has truly exceeded my expectations. your service has been a lifesaver in managing cash flow and optimizing financial strategies. It has truly exceeded my expectations.",
    "avatar": "/images/ns-avatar-2.png",
    "name": "Michael Chen",
    "position": "Tech Lead",
    "rating": "5.0"
  },
  {
    "id": 3,
    "quote": "As a small business owner, your service has been a lifesaver in managing cash flow and optimizing financial strategies. It has truly exceeded my expectations. your service has been a lifesaver in managing cash flow and optimizing financial strategies. It has truly exceeded my expectations.  ",
    "avatar": "/images/ns-avatar-3.png",
    "name": "Emma Rodriguez",
    "position": "Operations Manager",
    "rating": "4.8"
  },
  {
    "id": 4,
    "quote": "As a small business owner, your service has been a lifesaver in managing cash flow and optimizing financial strategies. It has truly exceeded my expectations. your service has been a lifesaver in managing cash flow and optimizing financial strategies. It has truly exceeded my expectations.",
    "avatar": "/images/ns-avatar-4.png",
    "name": "Jaks Rodriguez",
    "position": "Software Manager",
    "rating": "3.8"
  },
  {
    "id": 5,
    "quote": "I appreciate the real-time analytics and customizable dashboards. It has made tracking our KPIs so much easier and more insightful.",
    "avatar": "/images/ns-avatar-5.png",
    "name": "Priya Patel",
    "position": "Data Analyst",
    "rating": "4.7"
  },
  {
    "id": 6,
    "quote": "From onboarding to daily use, the experience has been smooth and intuitive. Our team collaboration has improved significantly.",
    "avatar": "/images/ns-avatar-6.png",
    "name": "Lucas Meyer",
    "position": "Project Coordinator",
    "rating": "4.6"
  },
  {
    "id": 7,
    "quote": "As a small business owner, your service has been a lifesaver in managing cash flow and optimizing financial strategies. It has truly exceeded my expectations. your service has been a lifesaver in managing cash flow and optimizing financial strategies. It has truly exceeded my expectations.",
    "avatar": "/images/ns-avatar-7.png",
    "name": "Lucas Meyer",
    "position": "Project Coordinator",
    "rating": "4.6"
  },
  {
    "id": 8,
    "quote": "From onboarding to daily use, the experience has been smooth and intuitive. Our team collaboration has improved significantly.",
    "avatar": "/images/ns-avatar-8.png",
    "name": "Lucas Meyer",
    "position": "Project Coordinator",
    "rating": "4.6"
  },
  {
    "id": 9,
    "quote": "From onboarding to daily use, the experience has been smooth and intuitive. Our team collaboration has improved significantly.",
    "avatar": "/images/ns-avatar-9.png",
    "name": "Lucas Meyer",
    "position": "Project Coordinator",
    "rating": "4.6"
  }
]
