[
  {
    "id": 1,
    "question": "What is the primary role of a business agency?",
    "answer": "A business agency helps companies grow by offering strategic services like branding, digital marketing, business consulting, and customer experience optimization. Their goal is to improve performance and scalability."
  },
  {
    "id": 2,
    "question": "What kinds of services should I anticipate from a business agency?",
    "answer": "Typical services include market research, brand strategy, SEO and content marketing, web development, paid advertising, and ongoing performance analytics to track growth and ROI."
  },
  {
    "id": 3,
    "question": "How often should I consider updating my website?",
    "answer": "A website should be reviewed every 6–12 months for performance, design trends, SEO updates, and new technology. Major updates are recommended at least every 2–3 years to stay competitive."
  },
  {
    "id": 4,
    "question": "Why is digital marketing essential for modern businesses?",
    "answer": "Digital marketing allows businesses to reach targeted audiences, build brand awareness, and drive conversions through channels like social media, email marketing, SEO, and PPC."
  }
]
